PROVIDER CREDENTIALING TRACKER — Riverside Medical Group (Sample Data),,,,,,,,,
Instructions: Fill in one row per payer per provider. Update STATUS column weekly. Set follow-up dates in your calendar.,,,,,,,,,
,,,,,,,,,
PROVIDER,NPI,PAYER,APPLICATION TYPE,DATE SUBMITTED,CONFIRMATION #,CONTACT NAME,CONTACT PHONE/EMAIL,STATUS,FOLLOW-UP DATE,TARGET EFFECTIVE DATE,ACTUAL EFFECTIVE DATE,CONTRACT RATE,NOTES
Dr. [Last Name] [First Name],1234567890,Medicare (PECOS),Initial Enrollment,2026-06-01,PECOS-12345,CMS Provider Enrollment,1-855-267-1515,Pending,2026-06-22,,,,Example row — delete before use
Dr. [Last Name] [First Name],1234567890,Medicaid — [State],Initial Enrollment,2026-06-01,STATE-98765,State Medicaid Office,[state phone],Pending,2026-06-22,,,,Check state-specific portal
Dr. [Last Name] [First Name],1234567890,BCBS [Region],Commercial,2026-06-03,BCBS-55512,Provider Relations,[BCBS phone],Info Requested,2026-06-05,,,,AIR: needs updated CV — respond within 48h
Dr. [Last Name] [First Name],1234567890,Aetna,Commercial,2026-06-05,AET-88210,Provider Credentialing,[Aetna phone],Submitted,2026-06-26,,,,Portal ref confirmed
Dr. [Last Name] [First Name],1234567890,UnitedHealthcare,Commercial,2026-06-05,UHC-44901,[UHC rep name],[UHC phone],Approved,,2026-07-01,2026-07-01,105% Medicare,Test claim submitted — processing OK
Dr. [Last Name] [First Name],1234567890,Cigna,Commercial,2026-06-10,,Provider Relations,[Cigna phone],Submitted,2026-07-01,,,,Follow up if no status by Jul 1
,,,,,,,,,
,,,,,,,,,
STATUS KEY,,,,,,,,,
Not Started — Application not yet submitted,,,,,,,,,
Submitted — Application sent; awaiting payer acknowledgment,,,,,,,,,
Pending — In payer review queue,,,,,,,,,
Info Requested — Payer needs additional documents (respond within 48h),,,,,,,,,
Approved — Credentialing approved; confirm effective date,,,,,,,,,
Effective — Live and billing; test claim submitted,,,,,,,,,
Denied — Application rejected; see notes for reason and appeal status,,,,,,,,,
Re-cred Due — Re-credentialing deadline approaching (flag 90 days out),,,,,,,,,
