PROVIDER CREDENTIALING TIMELINE TEMPLATE — Riverside Medical Group (Sample Data),,,,,,,,,,,,,
Instructions: Enter your START DATE in cell C3. All week offsets are relative to that date. Update STATUS column weekly.,,,,,,,,,,,,,
,,,,,,,,,,,,,
START DATE:,[Enter your start date here],,,,,,,,,,,,,
,,,,,,,,,,,,,
PHASE,TASK,OWNER,WEEK TARGET,CALENDAR DATE (calculate from start),STATUS,COMPLETION DATE,NOTES,,,,,,,
,,,,,,,,,,,,,,
PHASE 1: PRE-APPLICATION PREP (Weeks 1–2),,,,,,,,,,,,,,
Pre-Application,Collect all provider documents (license, DEA, malpractice cert, CV, board certs),Practice Manager,Week 1,,Not Started,,,,,,,,,
Pre-Application,Verify NPI is active and taxonomy codes are correct,Practice Manager,Week 1,,Not Started,,,,,,,,,
Pre-Application,Create or update CAQH ProView profile,Credentialing Specialist,Week 1,,Not Started,,,,,,,,,
Pre-Application,Upload all documents to CAQH,Credentialing Specialist,Week 1,,Not Started,,,,,,,,,
Pre-Application,Grant payer authorizations in CAQH,Credentialing Specialist,Week 1,,Not Started,,,,,,,,,
Pre-Application,Complete CAQH attestation,Provider,Week 1,,Not Started,,,,,,,,,
Pre-Application,Identify target payers — build priority matrix,Practice Manager,Week 1,,Not Started,,,,,,,,,
Pre-Application,Confirm malpractice coverage is adequate ($1M/$3M minimum),Practice Manager,Week 2,,Not Started,,,,,,,,,
,,,,,,,,,,,,,,
PHASE 2: APPLICATION SUBMISSION (Weeks 2–4),,,,,,,,,,,,,,
Submission,Submit Medicare PECOS enrollment,Credentialing Specialist,Week 2,,Not Started,,,,,,,,,
Submission,Submit Medicaid enrollment (state portal),Credentialing Specialist,Week 2,,Not Started,,,,,,,,,
Submission,Submit BCBS application,Credentialing Specialist,Week 2,,Not Started,,,,,,,,,
Submission,Submit Aetna application,Credentialing Specialist,Week 3,,Not Started,,,,,,,,,
Submission,Submit UnitedHealthcare application,Credentialing Specialist,Week 3,,Not Started,,,,,,,,,
Submission,Submit Cigna application,Credentialing Specialist,Week 3,,Not Started,,,,,,,,,
Submission,Submit additional commercial payer applications,Credentialing Specialist,Week 4,,Not Started,,,,,,,,,
Submission,Record all confirmation numbers and contacts,Credentialing Specialist,Week 4,,Not Started,,,,,,,,,
,,,,,,,,,,,,,,
PHASE 3: ACTIVE FOLLOW-UP (Weeks 3–16+),,,,,,,,,,,,,,
Follow-Up,Follow up with Medicare (PECOS) — first check,Credentialing Specialist,Week 5,,Not Started,,,,,,,,,
Follow-Up,Follow up with all commercial payers — first check,Credentialing Specialist,Week 5,,Not Started,,,,,,,,,
Follow-Up,Re-attest CAQH if approaching 120-day expiration,Provider,Week 8,,Not Started,,,,,,,,,
Follow-Up,Follow up with all pending payers — second check,Credentialing Specialist,Week 8,,Not Started,,,,,,,,,
Follow-Up,Follow up with all pending payers — third check,Credentialing Specialist,Week 11,,Not Started,,,,,,,,,
Follow-Up,Escalate any applications >90 days without status change,Credentialing Specialist,Week 13,,Not Started,,,,,,,,,
Follow-Up,Follow up with all pending payers — fourth check,Credentialing Specialist,Week 14,,Not Started,,,,,,,,,
,,,,,,,,,,,,,,
PHASE 4: APPROVAL & GO-LIVE (Weeks 8–20+),,,,,,,,,,,,,,
Go-Live,Obtain written confirmation of effective date — Medicare,Credentialing Specialist,Upon approval,,Not Started,,,,,,,,,
Go-Live,Obtain written confirmation of effective date — each commercial payer,Credentialing Specialist,Upon approval,,Not Started,,,,,,,,,
Go-Live,Add provider to practice management / billing system,Billing Manager,Upon approval,,Not Started,,,,,,,,,
Go-Live,Verify EDI/ERA enrollment is active,Billing Manager,Upon approval,,Not Started,,,,,,,,,
Go-Live,Submit test claim — verify it processes correctly,Billing Manager,Within 3 days of effective date,,Not Started,,,,,,,,,
Go-Live,Confirm fee schedule rates match contract,Billing Manager,Within 2 weeks of effective date,,Not Started,,,,,,,,,
Go-Live,Update payer provider directory listings,Credentialing Specialist,Within 30 days of effective date,,Not Started,,,,,,,,,
,,,,,,,,,,,,,,
PHASE 5: ONGOING MAINTENANCE,,,,,,,,,,,,,,
Maintenance,Set re-credentialing reminders for all payers (typically 2–3 years),Credentialing Specialist,Day 1 post-approval,,Not Started,,,,,,,,,
Maintenance,Set CAQH re-attestation recurring reminder (every 90 days),Credentialing Specialist,Day 1 post-approval,,Not Started,,,,,,,,,
Maintenance,Set license renewal reminder (60 days before expiration),Practice Manager,Day 1,,Not Started,,,,,,,,,
Maintenance,Set DEA renewal reminder (60 days before expiration),Practice Manager,Day 1,,Not Started,,,,,,,,,
Maintenance,Quarterly underpayment audit — compare EOBs to contracted rates,Billing Manager,Quarterly,,Recurring,,,,,,,,,
Maintenance,Annual payer contract review,Practice Manager,Annually,,Recurring,,,,,,,,,
,,,,,,,,,,,,,,
STATUS KEY,,,,,,,,,,,,,
Not Started,,,,,,,,,,,,,,
In Progress,,,,,,,,,,,,,,
Blocked (needs action),,,,,,,,,,,,,,
Complete,,,,,,,,,,,,,,
Recurring,,,,,,,,,,,,,,
,,,,,,,,,,,,,,
TYPICAL TIMELINES BY PAYER (for planning),,,,,,,,,,,,,
Medicare / PECOS,60–90 days,,,,,,,,,,,,,
Medicaid (varies by state),45–120 days,,,,,,,,,,,,,
BCBS,60–90 days,,,,,,,,,,,,,
Aetna,90–120 days,,,,,,,,,,,,,
UnitedHealthcare,90–120 days,,,,,,,,,,,,,
Cigna,60–90 days,,,,,,,,,,,,,
Humana,60–90 days,,,,,,,,,,,,,
Note: Timelines vary significantly by market and specialty. These are averages based on 500+ practice enrollments.,,,,,,,,,,,,,
